<?xml version="1.0" encoding="UTF-8" ?>
<!DOCTYPE configuration
        PUBLIC "-//mybatis.org//DTD Config 3.0//EN"
        "http://mybatis.org/dtd/mybatis-3-config.dtd">
<configuration>
	<typeAliases>
		<typeAlias type="com.ssafy.edu.vue.dto.DepartmentDto"	alias="dept" />
		<typeAlias type="com.ssafy.edu.vue.dto.EmployeeDto"	alias="emp" />
		<typeAlias type="com.ssafy.edu.vue.dto.DepartmentEmpDto"	alias="deptEmp" />
		<typeAlias type="com.ssafy.edu.vue.dto.DepCountDto"	alias="deptCnt" />
	</typeAliases>
	<mappers>
		<mapper resource="mapper/hrm.xml" />
	</mappers>
</configuration>
