<?xml version="1.0" encoding="UTF-8" ?>
<!DOCTYPE mapper PUBLIC "-//mybatis.org//DTD Mapper 3.0//EN" "http://mybatis.org/dtd/mybatis-3-mapper.dtd">
<mapper namespace="com.ssafy.mapper.MemberMapper">
	<select id="search" parameterType="String" resultType="member">
		select * from tmember where id = #{id}
	</select>
	<select id="searchAll" resultType="member">
		select * from tmember
	</select>
	<insert id="add" parameterType="member">
	insert into tmember(id,password,name,email,phone,address) values(#{id},#{password},#{name},#{email},#{phone},#{address})
	</insert>
	<update id="update" parameterType="member">
	update tmember set password=#{password}, name=#{name}, email=#{email}, phone=#{phone}, address=#{address} where id=#{id}
	</update>
	<delete id="remove" parameterType="String">
	delete from tmember where id=#{id} 
	</delete>
</mapper>