<?xml version="1.0" encoding="UTF-8" ?>
<!DOCTYPE mapper
        PUBLIC "-//mybatis.org//DTD Mapper 3.0//EN"
        "http://mybatis.org/dtd/mybatis-3-mapper.dtd">
<mapper namespace="com.ssafy.edu.vue.dao.HrmMapper">

	<select id="findAllEmployees" resultType="emp">
		select * from s_emp order by id
	</select>
	
	<select id="getEmployeesTotal" resultType="int">
		select count(*) from s_emp
	</select>

	<select id="findLikeEmployees" parameterType="String" resultType="emp">
		select * from s_emp where name like concat('%',#{name},'%') order by id
	</select>

	<select id="findAllDepartments" resultType="dept">
		select * from s_dept
	</select>

	<select id="findAllTitles" resultType="emp">
		select distinct title from s_emp
	</select>

    <select id="findEmployeeById" parameterType="int" resultType="emp">
    	select * from s_emp where id = #{id}
    </select>

	<insert id="addEmployee" parameterType="emp" useGeneratedKeys="true" keyProperty="id">
		insert into s_emp (name, mailid, start_date, manager_id, title, dept_id, salary, commission_pct)
		values(#{name}, #{mailid}, #{start_date}, #{manager_id}, #{title}, #{dept_id}, #{salary}, #{commission_pct})
	</insert>	

	<update id="updateEmployee" parameterType="emp" useGeneratedKeys="true" keyProperty="id">
		update s_emp 
			set name = #{name}, mailid = #{mailid}, start_date = #{start_date}, manager_id = #{manager_id}, title = #{title}, dept_id = #{dept_id}, salary = #{salary}, commission_pct = #{commission_pct}
			where id = #{id}
	</update>
	
	<delete id="deleteEmployee" parameterType="int">
		delete from s_emp where id = #{id}
	</delete>

	
	<select id="findEmployeesByManagerId" parameterType="int" resultType="emp">
		select * from s_emp where manager_id = #{managerId}
	</select>
    
    <select id="findDepartmentsBydeptid" parameterType="int" resultType="emp">
    	select * from s_emp where dept_id = #{dept_id}
    </select>

    <select id="findDepartmentsByname" parameterType="String" resultType="emp">
    	select * from s_emp where dept_id in (select dept_id from s_dept where name like concat('%',#{name},'%'))
    </select>

	<select id="findAllDepCounts" resultType="deptCnt">
		select dept_id, d.name, count(e.name) from s_emp as e join s_dept as d using(dept_id)
		group by 1 order by 3 desc, 1;
	</select>
    
    <select id="findAllDeptEmps" resultType="deptEmp">
    	select * from s_emp e join s_dept d using(dept_id);
    </select>
	
	
</mapper>