<?xml version="1.0" encoding="UTF-8" ?>
<!DOCTYPE configuration
  PUBLIC "-//mybatis.org//DTD Config 3.0//EN"
  "http://mybatis.org/dtd/mybatis-3-config.dtd">
<configuration>
<properties resource ="mybatis/dbconfig.properties"></properties>
<settings>	<!-- 유용한 설정들 -->
	<setting name = "mapUnderscoreToCamelCase" value="true"></setting>
	<setting name = "jdbcTypeForNull" value = "NULL"></setting>
</settings>
<typeAliases>
<typeAlias type="com.ssafy.model.dto.Board" alias="board"/>
<typeAlias type="com.ssafy.model.dto.PageBean" alias="pb"/>
<typeAlias type="com.ssafy.model.dto.Member" alias="member"/>
</typeAliases>
  <environments default="development">
    <environment id="development">
      <transactionManager type="JDBC"/>
      <dataSource type="POOLED">
        <property name="driver" value="${driver}"/>
        <property name="url" value="${url}"/>
        <property name="username" value="${username}"/>
        <property name="password" value="${password}"/>
      </dataSource>
    </environment>
  </environments>
 <mappers>
    <mapper resource="mybatis/mapper/boardmapper.xml"/>
  	<mapper resource="mybatis/mapper/membermapper.xml"/>
  </mappers>

 </configuration>